Frequency/Features,Design_1,Design_2,Design_3,Design_4,Design_5,Design_6,Design_7,Design_8,Design_9,Design_10,Design_11,Design_12,Design_13,Design_14,Design_15,Design_16,Design_17,Design_18,Design_19,Design_20,Design_21,Design_22,Design_23,Design_24,Design_25,Design_26,Design_27,Design_28,Design_29,Design_30,Design_31,Design_32,Design_33,Design_34,Design_35,Design_36,Design_37,Design_38,Design_39,Design_40,Design_41,Design_42,Design_43,Design_44,Design_45,Design_46,Design_47,Design_48,Design_49,Design_50
0.30000001,0.97583101,0.97882518,0.99853807,0.99999999,0.98547636,0.98095549,0.9831663,0.97583101,0.97882512,0.99854373,1.00000003,0.98547633,0.98096421,0.98316536,0.97583122,0.97880901,0.99853843,1.00000003,0.98547099,0.98095516,0.9831663,0.99999992,0.98746351,0.97812551,1.00000002,0.9845255,1,0.98518309,0.99999992,0.98746351,0.97812534,0.99999999,0.98452657,0.99999992,0.98518309,0.99999989,0.98746351,0.97812551,0.99999999,0.98452776,0.99999998,0.98519373,0.9869764,0.98829523,1,0.98297928,1,0.99812502,0.99378191,0.98696766
0.30504203,0.99066204,0.97602123,0.97945998,0.99567364,1.00000002,0.98492729,1,0.99066204,0.97602082,0.97946478,0.99567346,1.00000002,0.98493332,1.00000001,0.99066272,0.97601404,0.97946028,0.99567346,0.99999999,0.98493067,1,0.99705509,0.99999992,0.98513364,0.98176078,0.99999999,0.98223419,0.99398542,0.99705509,0.99999992,0.98513361,0.98176396,0.99999999,0.98223513,0.99398542,0.99704706,0.99999992,0.98513364,0.98176157,0.99999997,0.98223059,0.99397991,0.98645236,0.97630513,0.99810924,0.99839361,0.98191431,0.98390115,0.98660351,0.98644621
0.31008404,0.9999999,0.99411981,0.97919809,0.97957733,0.99908528,1.00000001,0.98067792,0.9999999,0.99411879,0.9792004,0.97957568,0.99908524,1.00000001,0.98067965,0.99999994,0.99412143,0.97919404,0.97957568,0.99908297,1.00000002,0.98067792,0.97873013,0.98578568,1.00000001,0.98280676,0.99497274,0.99145161,0.99964904,0.97873013,0.98578568,1.00000001,0.98281913,0.9949812,0.99145527,0.99964904,0.97871722,0.98578568,1.00000001,0.98280679,0.99497615,0.99145338,0.99964915,0.99955149,0.99249875,0.98462241,0.99999999,0.97904745,0.99729403,1,0.99954316
0.31512606,0.9874469,0.99999994,0.99600075,0.97942867,0.98467756,0.9850263,0.9763541,0.9874469,0.9999999,0.99600094,0.9794274,0.98467765,0.9850253,0.97635515,0.98744613,0.99999993,0.99599588,0.9794274,0.98466852,0.98502099,0.9763541,0.98015603,0.97281764,0.99463478,0.99885521,0.98071338,0.99863444,0.98424027,0.98015603,0.97281764,0.99463486,0.99886911,0.98072225,0.99863705,0.98424027,0.98014632,0.97281764,0.99463478,0.99885438,0.98071941,0.99863389,0.9842505,0.99717876,0.99999993,0.98666839,0.98526754,0.99514544,0.99720749,0.98871614,0.99717178
0.32016808,0.97520055,0.98400518,0.99999999,0.9936897,0.98471915,0.97975504,0.99614494,0.97520055,0.98400714,0.99999999,0.99368925,0.98471915,0.97975338,0.99614504,0.97520023,0.98400045,1,0.99368925,0.98470927,0.97975625,0.99614494,0.99599679,0.98477973,0.97960015,0.99828856,0.98661218,0.98244797,0.9938251,0.99599679,0.98477973,0.97960015,0.99829575,0.98661222,0.98245144,0.9938251,0.99599042,0.98477973,0.97960015,0.99828772,0.98661715,0.98244519,0.9938182,0.9843199,0.98295666,0.99835042,0.98344097,0.99501093,0.98391343,0.98923233,0.98431559
0.32521009,0.98388488,0.97394202,0.98483989,0.99625371,0.99759089,0.99637591,0.98596118,0.98388488,0.97394443,0.98484157,0.99625232,0.99759085,0.99637748,0.98596156,0.98388606,0.97393802,0.98484433,0.99625232,0.9975846,0.99638368,0.98596118,0.9938234,0.99635139,0.98225306,0.98274557,0.99817097,0.98928597,0.9972063,0.9938234,0.99635139,0.98225306,0.98274875,0.99816946,0.98929008,0.9972063,0.99381599,0.99635139,0.98225306,0.98274502,0.99817519,0.98928773,0.997202,0.98772726,0.97739414,0.99485759,0.9963644,0.97962091,0.99518942,0.99808937,0.98772249
0.33025211,0.9962456,0.98588651,0.97607173,0.98266817,0.99670822,0.98862882,0.97216388,0.9962456,0.98588778,0.97607477,0.98266543,0.99670818,0.9886356,0.97216626,0.99624709,0.98588487,0.97607483,0.98266543,0.99670158,0.98863185,0.97216388,0.97783662,0.98495802,0.99570346,0.98142771,0.9903155,0.9971119,0.98289416,0.97783662,0.98495802,0.99570346,0.98143372,0.99032191,0.99711555,0.98289416,0.97782821,0.98495802,0.99570346,0.98142698,0.99032164,0.99711104,0.98289948,0.99843836,0.99282062,0.98320815,0.99694724,0.98091372,0.99612137,0.98494655,0.99843415
0.33529413,0.98953311,0.99698409,0.98715547,0.97620718,0.9833013,0.97619853,0.98937871,0.98953311,0.99698474,0.98715802,0.97620478,0.98330137,0.97620302,0.98938334,0.98953348,0.99698026,0.98715432,0.97620478,0.98329137,0.97619635,0.98937871,0.97866568,0.97246368,0.9938685,0.99497132,0.97955208,0.98203377,0.99316386,0.97866568,0.97246368,0.9938685,0.99497961,0.97956201,0.98204008,0.99316386,0.97865891,0.97246368,0.9938685,0.99497088,0.9795596,0.98203071,0.99315798,0.99242117,0.99412807,0.9864362,0.98405665,0.99408979,0.98343586,0.99176411,0.99242082
0.34033614,0.97490082,0.98729844,0.99734202,0.98677774,0.98294589,0.9905343,0.98938682,0.97490082,0.98729959,0.99734349,0.98677656,0.98294602,0.99053495,0.98939102,0.9749004,0.98729093,0.99734,0.98677656,0.98293624,0.99053353,0.98938682,0.99300631,0.98168703,0.98001224,0.99617714,0.98747725,0.98682118,0.99447404,0.99300631,0.98168703,0.98001224,0.99618311,0.98748294,0.98682868,0.99447404,0.99300068,0.98168703,0.98001224,0.99617749,0.98748353,0.98682313,0.99447235,0.98174448,0.97822928,0.99628806,0.98287924,0.99036076,0.99302751,0.99419828,0.98174536
0.34537816,0.97705642,0.97304922,0.98864064,0.99421696,0.99475854,0.99073576,0.97013723,0.97705642,0.97305129,0.98864258,0.994216,0.99475855,0.9907396,0.9701385,0.97705658,0.9730434,0.98864109,0.994216,0.99475224,0.99073606,0.97013723,0.99160545,0.99267137,0.97912987,0.98249503,0.9954505,0.99527552,0.98078473,0.99160545,0.99267137,0.97912995,0.98249943,0.9954541,0.99528005,0.98078473,0.99159885,0.99267137,0.97912987,0.98249574,0.99545507,0.99527574,0.98079248,0.98797015,0.97854246,0.99146622,0.9940808,0.97754484,0.99479676,0.98257806,0.98796748
0.35042018,0.99025761,0.97770978,0.97509778,0.98462635,0.99380637,0.97382027,0.98019373,0.99025761,0.97771194,0.97510191,0.98462495,0.99380633,0.97382542,0.98019407,0.99025851,0.97770906,0.97510035,0.98462495,0.99380081,0.97382021,0.98019373,0.97652995,0.98310402,0.99108384,0.97921411,0.98566287,0.98081658,0.99174759,0.97652995,0.98310402,0.99108388,0.97922072,0.98566884,0.98082062,0.99174759,0.97652291,0.98310402,0.99108384,0.9792143,0.98566778,0.98081279,0.99174613,0.99589096,0.99268412,0.98102251,0.99386761,0.98163582,0.98234723,0.99315987,0.99588697
0.35546219,0.9891921,0.99094326,0.97837308,0.97367077,0.98050841,0.98245548,0.98941317,0.9891921,0.99094534,0.9783784,0.97366969,0.9805084,0.98245608,0.98941514,0.9891927,0.99094398,0.97837527,0.97366969,0.98050103,0.98245558,0.98941317,0.97591543,0.97034165,0.9919805,0.99081481,0.97790546,0.98367454,0.99095776,0.97591543,0.97034165,0.9919805,0.9908234,0.97791159,0.98367962,0.99095776,0.97590972,0.97034165,0.9919805,0.99081437,0.97791144,0.9836748,0.99095629,0.98683628,0.98892591,0.98507951,0.9819897,0.99201435,0.99054196,0.9887072,0.98683489
0.36050421,0.97363118,0.98777146,0.99077124,0.97898888,0.97945463,0.99005378,0.96884181,0.97363118,0.98777348,0.99077526,0.97898881,0.97945467,0.99005398,0.96884459,0.97363124,0.98776891,0.99077241,0.97898881,0.97944698,0.99005337,0.96884181,0.98857073,0.97730331,0.97903837,0.99335848,0.98696629,0.9928115,0.97720246,0.98857073,0.97730331,0.97903834,0.99336514,0.98697016,0.99281443,0.97720246,0.98856551,0.97730331,0.97903837,0.99335793,0.98697264,0.99281251,0.97720634,0.97829571,0.97411645,0.99346931,0.98109443,0.98561597,0.99303848,0.98121322,0.97829504
0.36554623,0.96863502,0.97166266,0.98925389,0.98917844,0.99066333,0.97136246,0.9678536,0.96863502,0.97166435,0.98925562,0.98917829,0.99066333,0.97136597,0.96785653,0.96863507,0.97165753,0.98925469,0.98917829,0.99065736,0.97136229,0.9678536,0.98685809,0.9880199,0.97487899,0.98074863,0.99156489,0.97831465,0.98889837,0.98685809,0.9880199,0.97487903,0.98075347,0.99156942,0.97831646,0.98889837,0.9868518,0.9880199,0.97487899,0.98074837,0.99157098,0.97831255,0.9888977,0.98644589,0.97794686,0.98724587,0.99111415,0.97504314,0.98036668,0.99243986,0.98644274
0.37058824,0.98033383,0.96816917,0.97432593,0.98430869,0.989387,0.97090337,0.98336191,0.98033383,0.96817027,0.97432662,0.98430736,0.989387,0.9709068,0.98336602,0.9803343,0.96816515,0.97432631,0.98430736,0.98938118,0.97090472,0.98336191,0.97087901,0.979339,0.98519241,0.97542107,0.9801509,0.97899476,0.98541548,0.97087901,0.979339,0.9851925,0.97542717,0.98015864,0.97899867,0.98541548,0.97087249,0.979339,0.98519241,0.97542078,0.98015743,0.97899574,0.98541659,0.99109039,0.98896916,0.97726579,0.99012339,0.9809892,0.98730728,0.98161259,0.99108678
0.37563026,0.98433615,0.98037423,0.96880493,0.97032269,0.97487974,0.98390328,0.96473069,0.98433615,0.98037471,0.96880599,0.97032028,0.97487966,0.9839057,0.9647352,0.98433668,0.98037127,0.9688044,0.97032028,0.97487226,0.98390411,0.96473069,0.96831065,0.96504603,0.98826817,0.98535777,0.97481011,0.98884762,0.97015036,0.96831065,0.96504603,0.98826817,0.98536529,0.97481811,0.98885226,0.97015036,0.96830516,0.96504603,0.98826817,0.98535734,0.97481783,0.98885115,0.97015296,0.97881847,0.97980296,0.98186592,0.97838518,0.98866176,0.99044657,0.97973559,0.97881709
0.38067228,0.96838404,0.98309829,0.97913452,0.96882673,0.97226924,0.96534047,0.94755903,0.96838404,0.9830988,0.97913564,0.96882454,0.97226924,0.96534399,0.94756243,0.9683842,0.98309411,0.97913354,0.96882454,0.97226117,0.96534013,0.94755903,0.98032869,0.96950014,0.97568233,0.98891802,0.98435687,0.9731479,0.98233385,0.98032869,0.96950014,0.97568219,0.98892375,0.98436238,0.97315194,0.98233385,0.98032385,0.96950014,0.97568233,0.98891769,0.98436597,0.97314881,0.98233042,0.97179864,0.9657251,0.98896274,0.97735165,0.97993945,0.97685552,0.98808019,0.97179767
0.38571429,0.95390665,0.96633168,0.98392537,0.97918124,0.98295152,0.95030587,0.9622086,0.95390665,0.96633259,0.98392543,0.97917963,0.98295152,0.95030916,0.962212,0.95390673,0.96632614,0.98392512,0.97917963,0.98294474,0.95030719,0.9622086,0.97851666,0.9799795,0.96764313,0.97638156,0.98539411,0.97052194,0.97391699,0.97851666,0.9799795,0.96764313,0.97638451,0.9853988,0.97052585,0.97391699,0.97851099,0.9799795,0.96764313,0.97638129,0.98540384,0.97052287,0.97391627,0.98087113,0.97251998,0.98074153,0.9865423,0.97108237,0.98243305,0.97157826,0.98086859
0.39075631,0.95954109,0.95241888,0.96998143,0.97894504,0.98039986,0.96271756,0.94408876,0.95954109,0.95242012,0.96998063,0.97894354,0.98039986,0.96272007,0.94409315,0.95954152,0.95241479,0.96998193,0.97894354,0.98039376,0.96271994,0.94408876,0.95965572,0.97062856,0.97562838,0.96813459,0.97182612,0.98068944,0.95267675,0.95965572,0.97062856,0.97562845,0.96813779,0.9718314,0.98069243,0.95267675,0.9596493,0.97062856,0.97562838,0.96813432,0.9718352,0.98069158,0.95267945,0.98085419,0.9804307,0.97000387,0.9844773,0.97819831,0.98601381,0.97529223,0.98085234
0.39579833,0.96601865,0.95826721,0.95423667,0.96241464,0.96158372,0.9411738,0.89236701,0.96601865,0.95826857,0.95423637,0.96241292,0.96158372,0.94117708,0.89237108,0.96601923,0.95826549,0.95423674,0.96241292,0.96157688,0.94117431,0.89236701,0.95255358,0.95159291,0.98015763,0.97607603,0.96793814,0.9607542,0.96208486,0.95255358,0.95159291,0.98015766,0.9760819,0.96794321,0.96075663,0.96208486,0.95254727,0.95159291,0.98015763,0.97607583,0.96794605,0.96075499,0.962083,0.96307365,0.96540662,0.97456445,0.97154604,0.98301236,0.97007367,0.97572798,0.96307416
0.40084034,0.94674133,0.96381408,0.95612931,0.950874,0.95414397,0.89088748,0.86986095,0.94674133,0.96381571,0.95613016,0.95087248,0.95414395,0.89089067,0.86986447,0.9467416,0.96381273,0.95612838,0.95087248,0.95413634,0.89088741,0.86986095,0.96174006,0.95075727,0.96641139,0.98001821,0.97706842,0.95026316,0.93727747,0.96174006,0.95075727,0.96641139,0.98002533,0.97707265,0.95026674,0.93727747,0.96173387,0.95075727,0.96641139,0.98001812,0.97707517,0.95026344,0.93727612,0.95479234,0.95010374,0.97986356,0.96944734,0.97150891,0.97339247,0.95189767,0.95479305
0.40588236,0.91148336,0.94379212,0.96307929,0.95624446,0.96204358,0.86618951,0.79838037,0.91148336,0.94379393,0.96308061,0.9562434,0.96204358,0.86619114,0.79838385,0.91148336,0.94378926,0.96307856,0.9562434,0.96203591,0.86619104,0.79838037,0.95442041,0.95875555,0.95156293,0.96542912,0.97301362,0.95668481,0.88451127,0.95442041,0.95875555,0.95156291,0.96543512,0.97301807,0.95668856,0.88451127,0.95441382,0.95875555,0.95156293,0.96542919,0.97301965,0.95668504,0.88451173,0.96140759,0.95644023,0.96742767,0.97762867,0.96331749,0.97648733,0.95661671,0.96140615
0.41092438,0.89015148,0.90839148,0.94897752,0.95774412,0.95302462,0.78094174,0.5600152,0.89015148,0.90839339,0.94897848,0.9577429,0.95302462,0.78094298,0.56001829,0.89015151,0.90838778,0.94897801,0.9577429,0.95301712,0.78094341,0.5600152,0.91928361,0.94277961,0.95393889,0.95093676,0.95440661,0.91891053,0.84869163,0.91928361,0.94277961,0.95393892,0.95094176,0.95441133,0.91891239,0.84869163,0.91927722,0.94277961,0.95393889,0.95093667,0.9544128,0.91890921,0.84868928,0.94973903,0.95454927,0.95243466,0.97316732,0.97065815,0.95422352,0.93334088,0.94973704
0.41596639,0.87499266,0.88605486,0.91510762,0.93458045,0.91686102,0.53029535,0.30493045,0.87499266,0.88605649,0.91510803,0.93457867,0.91686102,0.53029685,0.3049326,0.87499297,0.88605192,0.91510882,0.93457867,0.91685384,0.53029589,0.30493045,0.88662452,0.90527001,0.95669953,0.95386836,0.94870544,0.87219692,0.68364545,0.88662452,0.90527001,0.95669953,0.95387356,0.94870922,0.87219835,0.68364545,0.88661896,0.90527001,0.95669953,0.95386812,0.94871244,0.87219616,0.68364374,0.91264871,0.919797,0.95399871,0.95573734,0.97135255,0.95083464,0.87810945,0.91264794
0.42100841,0.81883651,0.86879368,0.88766301,0.89935188,0.88414367,0.30522366,0.50866349,0.81883651,0.86879513,0.88766343,0.89934974,0.88414367,0.30522549,0.50866614,0.81883706,0.86879182,0.88766375,0.89934974,0.88413711,0.30522398,0.50866349,0.86673345,0.87873276,0.93507351,0.95458498,0.95339689,0.82653152,0.31725236,0.86673345,0.87873276,0.93507351,0.95459035,0.95340026,0.82653404,0.31725236,0.86672857,0.87873276,0.93507351,0.95458464,0.95340465,0.82653258,0.31725297,0.88251628,0.88124104,0.9532311,0.94912023,0.95437999,0.94743386,0.82888233,0.88251615
0.42605042,0.70266726,0.8113161,0.87037024,0.87612159,0.86153728,0.53581386,0.75661244,0.70266726,0.81131745,0.87037067,0.87611989,0.86153728,0.53581751,0.7566162,0.70266764,0.8113145,0.87036981,0.87611989,0.86153132,0.53581479,0.75661244,0.81333195,0.85684142,0.89874339,0.92934695,0.93554498,0.64062292,0.35395091,0.81333195,0.85684142,0.89874339,0.92935193,0.93554909,0.64062524,0.35395091,0.8133273,0.85684142,0.89874339,0.92934683,0.93555248,0.64062364,0.35395169,0.85506397,0.85621746,0.92616096,0.95315847,0.94337554,0.90048953,0.61323343,0.85506305
0.43109244,0.59058417,0.6948937,0.82557333,0.85080574,0.79563606,0.76915136,0.85044119,0.59058417,0.69489501,0.82557363,0.85080428,0.795636,0.76915554,0.85044523,0.59058437,0.69489213,0.82557265,0.85080428,0.79563064,0.76915264,0.85044119,0.69309751,0.78614599,0.87318354,0.89176915,0.89538913,0.30660304,0.69664126,0.69309751,0.78614599,0.87318354,0.89177403,0.89539412,0.30660406,0.69664126,0.69309328,0.78614599,0.87318354,0.89176904,0.89539578,0.30660279,0.69664356,0.77297683,0.79142961,0.88861248,0.93946873,0.94714468,0.85744498,0.19124271,0.77297563
0.43377668,0.59400984,0.63754545,0.77397261,0.81457971,0.72119586,0.8108207,0.86512857,0.59400984,0.63754663,0.77397266,0.81457834,0.72119583,0.81082425,0.86513285,0.59401006,0.6375439,0.77397202,0.81457834,0.72119076,0.81082208,0.86512857,0.63119204,0.71751931,0.85849565,0.87864308,0.87941949,0.26211399,0.76800149,0.63119204,0.71751931,0.85849565,0.87864818,0.87942423,0.26211399,0.76800149,0.63118799,0.71751931,0.85849565,0.87864288,0.87942581,0.26211402,0.79489936,0.69983392,0.71892107,0.87509562,0.92118509,0.94178855,0.81997699,0.23319001,0.69983299
0.43613446,0.59743551,0.5801972,0.72237189,0.77835367,0.64675566,0.85249004,0.87981596,0.59743551,0.58019825,0.72237169,0.77835239,0.64675566,0.85249297,0.87982047,0.59743575,0.58019567,0.72237139,0.77835239,0.64675088,0.85249151,0.87981596,0.56928657,0.64889262,0.84380776,0.86551702,0.86344984,0.39204394,0.83936173,0.56928657,0.64889262,0.84380776,0.86552233,0.86345434,0.39204518,0.83936173,0.56928269,0.64889262,0.84380776,0.86551672,0.86345584,0.39204347,0.83936231,0.62669102,0.64641254,0.86157876,0.90290145,0.93643241,0.78250901,0.43996785,0.62669036
0.44117647,0.70965162,0.58114665,0.59333856,0.64563584,0.48319026,0.88390192,0.92117624,0.70965162,0.58114763,0.59333795,0.6456347,0.48319026,0.88390448,0.92118122,0.70965182,0.58114518,0.59333845,0.6456347,0.48318638,0.88390242,0.92117624,0.58018911,0.53439502,0.76347186,0.82732419,0.82340135,0.69749112,0.87977782,0.58018911,0.53439502,0.76347186,0.82732957,0.8234047,0.69749356,0.87977782,0.5801846,0.53439502,0.76347186,0.82732395,0.82340704,0.69749046,0.87977723,0.537866,0.5097498,0.81252892,0.86947984,0.89924609,0.54173036,0.75522296,0.53786593
0.44621849,0.81441173,0.6913089,0.54604782,0.52391328,0.49319831,0.92640206,0.9440321,0.81441173,0.69130999,0.54604709,0.52391208,0.49319831,0.92640594,0.94403665,0.81441194,0.69130731,0.54604783,0.52391208,0.49319397,0.92640231,0.9440321,0.70770546,0.57779935,0.62518599,0.72742105,0.71323092,0.83139694,0.92746074,0.70770546,0.57779935,0.62518599,0.72742549,0.71323363,0.83140029,0.92746074,0.70769992,0.57779935,0.62518599,0.72742082,0.71323617,0.83139697,0.92746198,0.62527612,0.55926676,0.69415646,0.83696744,0.86251902,0.24175343,0.85211541,0.62527598
0.45126051,0.86541788,0.79962128,0.63169774,0.539275,0.65538787,0.94518751,0.9416318,0.86541788,0.79962242,0.63169728,0.53927338,0.65538787,0.94519135,0.94163574,0.86541822,0.79961999,0.6316979,0.53927338,0.65538211,0.94518912,0.9416318,0.81738847,0.7155981,0.51938046,0.57020872,0.52931976,0.873325,0.94674067,0.81738847,0.7155981,0.51938045,0.57021169,0.52932203,0.87332797,0.94674067,0.8173823,0.7155981,0.51938046,0.57020866,0.52932371,0.87332555,0.94674039,0.76595316,0.71803244,0.54006146,0.75604454,0.82708103,0.47702058,0.89847575,0.76595287
0.45630252,0.88518288,0.85626119,0.75295809,0.66688307,0.78978105,0.94287133,0.95015519,0.88518288,0.85626223,0.75295827,0.66688104,0.78978105,0.94287455,0.95015939,0.88518324,0.85625989,0.75295841,0.66688104,0.78977448,0.94287354,0.95015519,0.86601547,0.81823521,0.56736479,0.47447031,0.42573452,0.9191034,0.94606501,0.86601547,0.81823521,0.56736479,0.47447244,0.42573666,0.91910583,0.94606501,0.86600867,0.81823521,0.56736479,0.47447034,0.42573764,0.91910368,0.94606311,0.84706751,0.82623094,0.50478173,0.60416266,0.73794511,0.74148405,0.93957835,0.84706695
0.46134454,0.90783245,0.87936606,0.83197072,0.78300078,0.8500495,0.95398184,0.96258805,0.90783245,0.87936701,0.83197152,0.78299868,0.8500495,0.953985,0.96259261,0.90783281,0.87936362,0.8319709,0.78299868,0.85004318,0.95398279,0.96258805,0.88731725,0.86173015,0.70282169,0.56013018,0.55183487,0.9419471,0.96181031,0.88731725,0.86173015,0.70282169,0.56013272,0.55183798,0.94195005,0.96181031,0.88730973,0.86173015,0.70282169,0.56013025,0.55183898,0.9419477,0.96181089,0.87862036,0.86727025,0.63399727,0.46938556,0.5675228,0.84013281,0.94246366,0.87861996
0.46638656,0.93509578,0.90206297,0.8662562,0.84308084,0.87674896,0.96473781,0.96000667,0.93509578,0.90206405,0.86625724,0.84307874,0.87674896,0.96474031,0.96001109,0.93509609,0.90205888,0.86625618,0.84307874,0.87674279,0.96473847,0.96000667,0.91471394,0.88489798,0.80635975,0.71047516,0.72258586,0.94177575,0.96663723,0.91471394,0.88489798,0.80635975,0.71047866,0.72258984,0.94177926,0.96663723,0.91470604,0.88489798,0.80635975,0.71047523,0.72259119,0.94177626,0.96663783,0.90743749,0.89299537,0.77002205,0.51512439,0.42070148,0.88307907,0.95393942,0.90743788
0.47142857,0.94936084,0.92929451,0.8879535,0.86949388,0.90831199,0.96085572,0.95954134,0.94936084,0.92929581,0.88795399,0.86949155,0.90831199,0.96085763,0.95954572,0.94936116,0.92929021,0.88795324,0.86949155,0.90830539,0.96085726,0.95954134,0.94033225,0.91438392,0.8542092,0.81021948,0.81846898,0.95484701,0.96298356,0.94033225,0.91438392,0.8542092,0.81022371,0.81847277,0.95485001,0.96298356,0.94032482,0.91438392,0.8542092,0.81021929,0.81847475,0.95484697,0.96298298,0.93816415,0.92520834,0.84070234,0.67190607,0.49423891,0.9272409,0.96516223,0.93816504
0.47647059,0.94900235,0.94541373,0.9151375,0.89530753,0.93679015,0.96240872,0.96712887,0.94900235,0.94541509,0.91513726,0.89530472,0.93679015,0.96241178,0.96713321,0.9490026,0.94541063,0.91513717,0.89530472,0.9367834,0.96241056,0.96712887,0.94814719,0.9381367,0.8798859,0.85400916,0.85803378,0.96359941,0.97119621,0.94814719,0.9381367,0.87988596,0.85401371,0.85803737,0.96360241,0.97119621,0.94814074,0.9381367,0.8798859,0.85400887,0.85803993,0.96359975,0.97119684,0.95044907,0.94386618,0.87242921,0.7903181,0.6717374,0.94053392,0.96111812,0.95044932
0.48151261,0.94961458,0.94691372,0.93798026,0.92385384,0.94521506,0.9698623,0.96688891,0.94961458,0.94691523,0.93797966,0.9238508,0.94521506,0.96986623,0.96689318,0.94961485,0.94691183,0.93797982,0.9238508,0.94520848,0.9698642,0.96688891,0.94720982,0.94379828,0.90940331,0.88196516,0.89096519,0.95970592,0.97230852,0.94720982,0.94379828,0.90940331,0.88196972,0.89096927,0.95970929,0.97230852,0.94720315,0.94379828,0.90940331,0.8819648,0.89097195,0.95970647,0.9723086,0.94994845,0.94489771,0.90401301,0.84514253,0.79110727,0.94351383,0.96833155,0.94994782
0.48655462,0.95851523,0.94733362,0.94558279,0.93977601,0.94421675,0.96793324,0.96366631,0.95851523,0.94733526,0.94558241,0.93977329,0.94421675,0.9679364,0.96367058,0.95851549,0.94733143,0.94558227,0.93977329,0.94421004,0.96793543,0.96366631,0.95359971,0.94341078,0.93454164,0.91358265,0.92364271,0.96494882,0.96890458,0.95359971,0.94341078,0.93454157,0.91358729,0.9236473,0.96495173,0.96890458,0.95359217,0.94341078,0.93454164,0.91358239,0.9236499,0.9649483,0.96890393,0.95645774,0.94853045,0.93309213,0.87596928,0.84330248,0.95858831,0.97084282,0.95645741
0.49159664,0.96630498,0.95523513,0.94509445,0.94126891,0.95150363,0.96577207,0.96760991,0.96630498,0.9552369,0.94509451,0.94126658,0.95150363,0.9657749,0.96761429,0.96630532,0.955232,0.94509412,0.94126658,0.95149599,0.96577356,0.96760991,0.96367278,0.95089491,0.9428793,0.93570334,0.9375981,0.9698805,0.97408756,0.96367278,0.95089491,0.9428793,0.93570857,0.93760271,0.96988282,0.97408756,0.9636652,0.95089491,0.9428793,0.93570315,0.93760553,0.96988011,0.97408795,0.96735354,0.95970217,0.94365646,0.90911593,0.87646085,0.96206458,0.96750407,0.96735375
0.49663866,0.9656623,0.96346808,0.94956354,0.94258828,0.96245951,0.97050493,0.96907083,0.9656623,0.96346967,0.94956356,0.94258581,0.96245951,0.97050873,0.96907505,0.96566268,0.96346505,0.94956332,0.94258581,0.96245172,0.97050589,0.96907083,0.96583891,0.96032348,0.94303774,0.94069895,0.93853425,0.96599503,0.97375058,0.96583891,0.96032348,0.94303774,0.94070464,0.93853875,0.96599751,0.97375058,0.96583217,0.96032348,0.94303774,0.94069868,0.93854212,0.9659952,0.97375025,0.96921377,0.96453113,0.9442077,0.93348923,0.91086261,0.95988524,0.97283902,0.96921385
0.50168067,0.96277523,0.96418922,0.95897637,0.95134984,0.96430986,0.9704951,0.96556913,0.96277523,0.96419056,0.95897633,0.95134703,0.96430986,0.9704993,0.96557318,0.96277553,0.96418705,0.95897615,0.95134703,0.96430287,0.97049711,0.96556913,0.96286568,0.96147161,0.9492519,0.94210565,0.9455256,0.96819653,0.97087018,0.96286568,0.96147161,0.9492519,0.9421111,0.94553034,0.96819919,0.97087018,0.96285935,0.96147161,0.9492519,0.94210535,0.94553364,0.96819606,0.97086938,0.96629578,0.96174371,0.95156365,0.93977617,0.93101894,0.96725755,0.9716002,0.9662954
0.50672269,0.96544426,0.96149575,0.96388902,0.95952354,0.96081612,0.96711605,0.96664951,0.96544426,0.96149711,0.96388892,0.95952065,0.96081612,0.9671199,0.96665376,0.96544448,0.96149372,0.96388869,0.95952065,0.96080971,0.96711845,0.96664951,0.96469256,0.95874382,0.95917023,0.95083952,0.95659863,0.97147325,0.97442018,0.96469256,0.95874382,0.95917023,0.95084439,0.95660361,0.97147593,0.97442018,0.96468592,0.95874382,0.95917023,0.95083927,0.95660639,0.97147283,0.97442055,0.96961093,0.96304263,0.96202738,0.94166981,0.93444634,0.96860729,0.96997251,0.9696105
0.51176471,0.9705238,0.96315592,0.96206322,0.9597404,0.96308577,0.96936787,0.96876072,0.9705238,0.96315728,0.96206327,0.959738,0.96308577,0.9693716,0.9687653,0.97052401,0.96315293,0.96206297,0.959738,0.96307866,0.96936929,0.96876072,0.96998492,0.9611901,0.96238112,0.95959298,0.95903032,0.9680424,0.97335479,0.96998492,0.9611901,0.96238112,0.95959796,0.95903517,0.96804531,0.97335479,0.96997822,0.9611901,0.96238112,0.95959281,0.95903751,0.96804248,0.9733547,0.97496713,0.96865231,0.96399534,0.95095166,0.93908605,0.96553064,0.9734935,0.97496707
0.51680672,0.97095167,0.96797073,0.96083381,0.95701564,0.9688993,0.97056596,0.96603154,0.97095167,0.9679722,0.9608339,0.95701345,0.9688993,0.97056966,0.96603634,0.97095197,0.9679671,0.96083396,0.95701345,0.96889154,0.97056724,0.96603154,0.97075552,0.9662421,0.95986842,0.96010534,0.95640192,0.96870606,0.97089854,0.97075552,0.9662421,0.9598685,0.96011082,0.9564069,0.96870876,0.97089854,0.97074944,0.9662421,0.95986842,0.96010526,0.9564092,0.96870574,0.97089783,0.9740598,0.96943911,0.96143166,0.95973402,0.95002158,0.96967721,0.97067059,0.97405979
0.52184874,0.96788552,0.96935368,0.96452512,0.95910497,0.96918265,0.96725208,0.96506088,0.96788552,0.96935532,0.96452494,0.95910273,0.96918265,0.96725573,0.96506554,0.96788594,0.96935056,0.96452519,0.95910273,0.96917537,0.96725427,0.96506088,0.96789403,0.96649496,0.96069753,0.95793507,0.95937071,0.9710295,0.97340246,0.96789403,0.96649496,0.96069753,0.95794072,0.95937584,0.9710319,0.97340246,0.96788804,0.96649496,0.96069753,0.95793486,0.95937867,0.97102897,0.97340227,0.97152337,0.9665953,0.96432707,0.95984524,0.95541981,0.9703218,0.9705019,0.97152354
0.52689075,0.96769207,0.96680215,0.96844634,0.96403121,0.96561243,0.96738824,0.96692445,0.96769207,0.96680375,0.96844613,0.96402882,0.96561243,0.96739214,0.96692866,0.96769245,0.96679945,0.96844609,0.96402882,0.96560579,0.96739025,0.96692445,0.96826709,0.96369655,0.96573215,0.96090315,0.96460949,0.9680026,0.97189135,0.96826709,0.96369655,0.96573215,0.96090852,0.96461427,0.96800521,0.97189135,0.96826027,0.96369655,0.96573215,0.96090294,0.96461774,0.9680026,0.97189063,0.97399113,0.96768831,0.9696313,0.95813225,0.95344835,0.96713664,0.97216523,0.97399152
0.53193277,0.97085895,0.96584494,0.96776819,0.96494736,0.96610254,0.96899226,0.96527835,0.97085895,0.96584659,0.96776824,0.96494533,0.96610254,0.96899562,0.96528248,0.97085929,0.96584199,0.96776772,0.96494533,0.96609566,0.96899321,0.96527835,0.97150227,0.96431216,0.96776796,0.96555492,0.96396081,0.9677131,0.96970778,0.97150227,0.96431216,0.96776796,0.96556006,0.96396496,0.96771564,0.96970778,0.97149481,0.96431216,0.96776796,0.96555467,0.9639686,0.96771285,0.96970761,0.9767924,0.97083393,0.96940062,0.96201626,0.95444401,0.9695274,0.96897088,0.97679259
0.53697479,0.97200557,0.96834306,0.96514397,0.96192564,0.96958392,0.96636724,0.96306622,0.97200557,0.96834463,0.96514444,0.96192388,0.96958392,0.96636961,0.96307095,0.97200595,0.96833976,0.96514394,0.96192388,0.96957663,0.96636796,0.96306622,0.97175828,0.96737201,0.96525086,0.96528239,0.96115923,0.96936054,0.97143784,0.97175828,0.96737201,0.96525091,0.96528772,0.96116364,0.96936311,0.97143784,0.97175096,0.96737201,0.96525086,0.96528218,0.96116673,0.96936028,0.97143842,0.97488716,0.96996724,0.96661279,0.96634258,0.9596727,0.96982969,0.96968027,0.97488668
0.5420168,0.96955855,0.97001391,0.96556721,0.9609442,0.96922817,0.96487938,0.96405202,0.96955855,0.97001539,0.96556768,0.96094251,0.96922817,0.96488218,0.96405707,0.96955902,0.97001109,0.9655677,0.96094251,0.96922096,0.96488043,0.96405202,0.96916491,0.96733506,0.96418807,0.96248092,0.96292218,0.96663419,0.96960076,0.96916491,0.96733506,0.96418807,0.96248637,0.96292737,0.96663736,0.96960076,0.96915816,0.96733506,0.96418807,0.96248075,0.96292989,0.96663419,0.96960019,0.97300728,0.967572,0.96810066,0.96511601,0.96092933,0.96668593,0.96962625,0.9730071
0.54705882,0.96792067,0.96824902,0.96822872,0.96351739,0.96578616,0.96617868,0.96332581,0.96792067,0.96825033,0.96822893,0.96351528,0.96578616,0.96618225,0.96333054,0.96792114,0.9682467,0.9682291,0.96351528,0.96577907,0.96617965,0.96332581,0.96884737,0.96472167,0.96683771,0.96312446,0.96551099,0.96567671,0.96757003,0.96884737,0.96472167,0.96683771,0.96312956,0.96551604,0.96567973,0.96757003,0.96884059,0.96472167,0.96683771,0.96312419,0.96551878,0.96567651,0.96756986,0.97501941,0.96858175,0.97116638,0.96276359,0.95813702,0.96793668,0.96673737,0.97502027
0.55210084,0.96949664,0.96617093,0.96858928,0.96483184,0.96533081,0.96442505,0.96057309,0.96949664,0.96617247,0.96858937,0.9648295,0.96533081,0.96442795,0.9605774,0.96949702,0.96616845,0.96858911,0.9648295,0.96532302,0.96442594,0.96057309,0.97092592,0.96442248,0.96835066,0.96580312,0.96359788,0.96676904,0.96867079,0.97092592,0.96442248,0.96835066,0.96580812,0.96360198,0.96677123,0.96867079,0.97091878,0.96442248,0.96835066,0.96580284,0.96360519,0.96676847,0.96867189,0.97626689,0.97019324,0.97005874,0.96460673,0.95835732,0.96798889,0.96767881,0.976268
0.55714285,0.97088691,0.96687224,0.96608192,0.96239653,0.96741362,0.96186637,0.96036946,0.97088691,0.96687383,0.96608213,0.96239434,0.96741362,0.961869,0.960374,0.97088729,0.96686885,0.96608166,0.96239434,0.96740531,0.96186738,0.96036946,0.97090258,0.96631607,0.96616628,0.96527717,0.96100832,0.96421391,0.96653821,0.97090258,0.96631607,0.96616628,0.96528251,0.96101212,0.96421618,0.96653821,0.97089574,0.96631607,0.96616628,0.9652769,0.96101526,0.96421372,0.96653784,0.97396137,0.96853755,0.96739725,0.96695488,0.96113918,0.96487686,0.96621517,0.97396151
0.56218487,0.96920142,0.96833757,0.96456631,0.95985508,0.966607,0.96232745,0.96015966,0.96920142,0.96833904,0.96456688,0.95985301,0.966607,0.9623311,0.96016427,0.96920177,0.96833383,0.96456676,0.95985301,0.96659924,0.96232882,0.96015966,0.96852367,0.96609281,0.96422495,0.96232324,0.96208232,0.96270863,0.96453828,0.96852367,0.96609281,0.96422495,0.96232868,0.96208687,0.96271131,0.96453828,0.96851731,0.96609281,0.96422495,0.96232298,0.96208971,0.96270863,0.96453793,0.97264887,0.96664833,0.96821147,0.96523248,0.96056749,0.9652819,0.96394402,0.97264853
0.56722689,0.96686472,0.96733282,0.96568478,0.96037827,0.96314736,0.96130184,0.95738514,0.96686472,0.96733425,0.96568535,0.96037616,0.96314736,0.9613057,0.95738959,0.966865,0.96732972,0.96568569,0.96037616,0.96314049,0.96130342,0.95738514,0.96780936,0.96360709,0.96536075,0.96165261,0.9630146,0.96329736,0.96507751,0.96780936,0.96360709,0.96536075,0.96165755,0.96301935,0.96329978,0.96507751,0.96780309,0.96360709,0.96536075,0.96165236,0.96302253,0.96329749,0.96507868,0.97425794,0.96753281,0.96999511,0.96267824,0.95765898,0.96508935,0.96454658,0.97425808
0.5722689,0.96705814,0.96487713,0.96645611,0.96148592,0.96195481,0.95818916,0.95593623,0.96705814,0.96487858,0.96645652,0.96148375,0.96195481,0.95819218,0.95594059,0.96705833,0.96487466,0.96645654,0.96148375,0.96194794,0.95819046,0.95593623,0.96913754,0.96271206,0.96644219,0.96303632,0.9603603,0.96080437,0.96264911,0.96913754,0.96271206,0.96644219,0.96304083,0.96036461,0.9608067,0.96264911,0.96913099,0.96271206,0.96644219,0.96303606,0.96036812,0.96080497,0.9626494,0.9744136,0.96804214,0.96837401,0.9634067,0.95751745,0.96194442,0.96205728,0.97441386
0.57731092,0.96826907,0.9641481,0.96455294,0.95969846,0.96297457,0.95749494,0.95571214,0.96826907,0.96414971,0.96455322,0.95969651,0.96297457,0.95749785,0.9557167,0.96826935,0.96414547,0.96455249,0.95969651,0.96296712,0.95749574,0.95571214,0.96887376,0.96378495,0.96452936,0.96225943,0.95787949,0.95878275,0.96057798,0.96887376,0.96378495,0.96452936,0.96226415,0.95788379,0.95878556,0.96057798,0.96886741,0.96378495,0.96452936,0.96225923,0.95788704,0.95878306,0.96057742,0.97196199,0.96593091,0.96579347,0.96457136,0.95878263,0.9616433,0.96042565,0.97196178
0.58235294,0.96724516,0.96499861,0.96198823,0.95637036,0.96169184,0.95684653,0.95319088,0.96724516,0.96500032,0.96198859,0.95636868,0.96169184,0.95684991,0.9531956,0.96724561,0.96499561,0.96198745,0.95636868,0.9616842,0.95684769,0.95319088,0.96653934,0.9633603,0.96205496,0.95913564,0.95830204,0.95885083,0.96056595,0.96653934,0.9633603,0.96205496,0.95914054,0.95830682,0.95885358,0.96056595,0.96653325,0.9633603,0.96205496,0.95913538,0.95830953,0.95885064,0.96056582,0.97107155,0.96435247,0.96614303,0.96249223,0.9570982,0.96118335,0.96027265,0.97107116
0.58739495,0.96464691,0.96448776,0.96147355,0.95502303,0.95798939,0.95357862,0.95063844,0.96464691,0.96448921,0.96147414,0.95502122,0.95798939,0.95358198,0.95064301,0.96464733,0.96448486,0.96147324,0.95502122,0.95798206,0.95358015,0.95063844,0.96544156,0.96088129,0.9620286,0.95744926,0.95792221,0.95631139,0.95778791,0.96544156,0.96088129,0.96202855,0.95745415,0.95792714,0.95631418,0.95778791,0.9654353,0.96088129,0.9620286,0.95744913,0.95792996,0.95631164,0.95778731,0.97224536,0.96488644,0.96702908,0.95971745,0.95411268,0.95793023,0.95716036,0.97224524
0.59243697,0.96363746,0.96202026,0.96194654,0.95529639,0.95601669,0.95159316,0.9498758,0.96363746,0.96202149,0.96194726,0.95529448,0.95601669,0.95159638,0.9498802,0.96363778,0.96201771,0.96194682,0.95529448,0.95600916,0.95159444,0.9498758,0.96615158,0.95947959,0.9626227,0.95772555,0.95462641,0.95377151,0.95553652,0.96615158,0.95947959,0.9626227,0.95773024,0.95463073,0.95377453,0.95553652,0.96614491,0.95947959,0.9626227,0.9577253,0.95463431,0.95377179,0.95553635,0.97155121,0.96443003,0.96498648,0.95961377,0.95357386,0.95696918,0.95597069,0.97155135
0.59747899,0.96430947,0.96015023,0.96059522,0.9538261,0.95601022,0.95083239,0.94762858,0.96430947,0.96015141,0.96059574,0.9538241,0.95601022,0.9508356,0.94763292,0.96430967,0.96014759,0.96059529,0.9538241,0.95600244,0.9508335,0.94762858,0.96563844,0.95986304,0.96082574,0.95654108,0.95200939,0.95327253,0.95496052,0.96563844,0.95986304,0.96082574,0.95654592,0.95201355,0.95327512,0.95496052,0.96563172,0.95986304,0.96082574,0.95654077,0.95201742,0.95327211,0.95496099,0.96905864,0.96200675,0.96235832,0.95986002,0.95361284,0.95618019,0.9547912,0.9690585
0.602521,0.96371548,0.96006102,0.95755653,0.95004839,0.95407642,0.94763805,0.94420759,0.96371548,0.96006238,0.95755675,0.95004659,0.95407642,0.94764082,0.94421198,0.9637158,0.96005814,0.95755608,0.95004659,0.95406893,0.94763943,0.94420759,0.96326867,0.95917117,0.95790343,0.95306636,0.95164022,0.95055537,0.95175741,0.96326867,0.95917117,0.95790343,0.9530714,0.95164497,0.95055768,0.95175741,0.96326201,0.95917117,0.95790343,0.95306611,0.95164839,0.95055483,0.95175717,0.96843391,0.96062808,0.96226572,0.95734527,0.95100709,0.95271922,0.95138567,0.96843366
0.60756302,0.96109442,0.95965602,0.95546772,0.94691838,0.94981399,0.94439397,0.94245437,0.96109442,0.95965739,0.95546782,0.94691653,0.94981399,0.9443966,0.94245898,0.96109493,0.95965311,0.95546728,0.94691653,0.94980711,0.94439529,0.94245437,0.96184725,0.95655671,0.9568194,0.95035104,0.94999365,0.94743628,0.94918851,0.96184725,0.95655671,0.9568194,0.95035587,0.94999863,0.947439,0.94918851,0.96184057,0.95655671,0.9568194,0.95035086,0.95000178,0.94743598,0.94918842,0.96910611,0.9607615,0.96238123,0.95417236,0.94776055,0.95107784,0.95029463,0.96910617
0.61260504,0.95904292,0.95729335,0.95496906,0.94571055,0.94683373,0.94298429,0.94026243,0.95904292,0.95729464,0.95496899,0.94570867,0.94683373,0.94298714,0.94026724,0.95904336,0.95729074,0.95496881,0.94570867,0.9468267,0.94298529,0.94026243,0.96207116,0.95462041,0.95678407,0.94944073,0.94593033,0.94629211,0.94797942,0.96207116,0.95462041,0.95678407,0.94944547,0.94593472,0.94629516,0.94797942,0.96206433,0.95462041,0.95678407,0.94944055,0.94593809,0.9462919,0.94798004,0.96769102,0.95952768,0.95987107,0.95323577,0.94661623,0.94986821,0.94796209,0.96769114
0.61764705,0.95887074,0.95450568,0.95375318,0.94393255,0.94562056,0.93987667,0.9362115,0.95887074,0.95450681,0.95375311,0.94393058,0.94562056,0.93987959,0.93621612,0.95887099,0.95450285,0.95375299,0.94393058,0.94561297,0.93987794,0.9362115,0.96130782,0.95431696,0.95489558,0.94755705,0.94282086,0.94326123,0.94424937,0.96130782,0.95431696,0.95489558,0.9475619,0.94282488,0.94326391,0.94424937,0.96130136,0.95431696,0.95489558,0.94755681,0.94282819,0.94326136,0.94424948,0.96519063,0.9568918,0.95702413,0.95257047,0.94542642,0.94608541,0.94447765,0.9651907
0.62268907,0.95838727,0.95321409,0.95049851,0.93966451,0.94270933,0.93549889,0.93313081,0.95838727,0.95321532,0.95049851,0.9396629,0.94270933,0.93550188,0.93313527,0.95838754,0.95321074,0.95049832,0.9396629,0.94270198,0.93550057,0.93313081,0.95877603,0.95324325,0.95146835,0.94339665,0.9413653,0.93945092,0.94122498,0.95877603,0.95324325,0.95146835,0.94340193,0.94136959,0.93945354,0.94122498,0.95876986,0.95324325,0.95146835,0.94339641,0.94137242,0.93945098,0.94122557,0.96468693,0.9555278,0.95642337,0.94942388,0.94182948,0.9437068,0.94308506,0.964687
0.62773108,0.95582119,0.95243057,0.94694828,0.93468009,0.93742105,0.93289592,0.9305553,0.95582119,0.95243186,0.9469484,0.93467865,0.93742105,0.93289914,0.93055929,0.95582156,0.95242719,0.94694825,0.93467865,0.93741451,0.93289724,0.9305553,0.95691804,0.95031954,0.94926713,0.93938166,0.93825531,0.93751837,0.93927539,0.95691804,0.95031954,0.94926713,0.93938705,0.93825979,0.93752123,0.93927539,0.95691173,0.95031954,0.94926713,0.93938142,0.93826241,0.93751831,0.93927625,0.96478714,0.95504,0.95576788,0.94558147,0.93801031,0.94196504,0.9396006,0.96478698
0.6327731,0.95283919,0.95005127,0.94485704,0.93122598,0.93296748,0.92962577,0.92600465,0.95283919,0.95005243,0.94485723,0.93122442,0.93296748,0.92962893,0.92600853,0.95283968,0.95004838,0.94485743,0.93122442,0.93296108,0.9296269,0.92600465,0.95655939,0.94773023,0.94835948,0.93694518,0.93307914,0.93400035,0.93485083,0.95655939,0.94773023,0.94835948,0.93695026,0.93308356,0.93400309,0.93485083,0.95655251,0.94773023,0.94835948,0.93694494,0.9330863,0.93400065,0.93485048,0.96271515,0.95292567,0.95266255,0.94363373,0.93592756,0.93771225,0.93608584,0.9627146
0.63781512,0.95152524,0.94644432,0.9430548,0.92813856,0.93008378,0.92425246,0.92138889,0.95152524,0.94644545,0.94305492,0.92813689,0.93008378,0.92425539,0.92139304,0.95152561,0.94644183,0.94305516,0.92813689,0.93007656,0.92425368,0.92138889,0.95537945,0.94663644,0.94608604,0.93387162,0.9289539,0.92934408,0.93117462,0.95537945,0.94663644,0.94608604,0.93387663,0.9289582,0.92934681,0.93117462,0.9553725,0.94663644,0.94608604,0.93387132,0.92896118,0.92934436,0.93117463,0.96018086,0.9499074,0.94937177,0.94186554,0.93328268,0.93446683,0.93395031,0.96018001
0.64285713,0.95073287,0.94369044,0.93945294,0.92284076,0.92561383,0.91998359,0.91782772,0.95073287,0.94369165,0.93945295,0.92283903,0.92561383,0.91998665,0.91783217,0.95073318,0.94368766,0.93945289,0.92283903,0.92560589,0.91998486,0.91782772,0.95248438,0.94500038,0.94195898,0.92847349,0.9259083,0.92642568,0.92833399,0.95248438,0.94500038,0.94195898,0.92847856,0.92591258,0.92642826,0.92833399,0.95247776,0.94500038,0.94195898,0.9284732,0.92591576,0.92642555,0.92833447,0.95962994,0.94826422,0.94809509,0.93773194,0.92837941,0.93202648,0.92937037,0.9596294
0.64789915,0.94814573,0.94194317,0.93445936,0.9155979,0.91856207,0.91606328,0.91269289,0.94814573,0.9419445,0.93445928,0.91559629,0.91856207,0.91606629,0.91269747,0.94814615,0.94194011,0.93445893,0.91559629,0.9185546,0.91606453,0.91269289,0.95006878,0.94153156,0.93841703,0.92257696,0.92084774,0.92219043,0.92301631,0.95006878,0.94153156,0.93841703,0.92258186,0.92085195,0.92219272,0.92301631,0.95006269,0.94153156,0.93841703,0.92257672,0.92085516,0.92219041,0.92301592,0.95905278,0.94697287,0.94653006,0.93277232,0.92347705,0.92711718,0.92570878,0.95905254
0.65294117,0.94429359,0.93918895,0.93014776,0.9088359,0.91180272,0.90974209,0.90642325,0.94429359,0.93919027,0.93014769,0.90883411,0.91180272,0.9097447,0.90642776,0.94429408,0.93918633,0.93014761,0.90883411,0.91179594,0.90974355,0.90642325,0.94908942,0.93806032,0.93624744,0.91790756,0.91389675,0.91646046,0.91844265,0.94908942,0.93806032,0.93624744,0.91791216,0.91390121,0.91646288,0.91844265,0.94908335,0.93806032,0.93624744,0.91790738,0.91390427,0.91646062,0.91844259,0.95632995,0.94398661,0.9425911,0.92939949,0.91990791,0.92282014,0.92241536,0.95632969
0.65798318,0.94153646,0.93469094,0.92670523,0.90284649,0.90634724,0.90339795,0.90119024,0.94153646,0.9346922,0.92670536,0.90284453,0.90634724,0.90340083,0.90119471,0.94153694,0.93468891,0.92670548,0.90284453,0.90634036,0.90339934,0.90119024,0.94743887,0.93593507,0.93314852,0.91278185,0.90791192,0.91228069,0.914478,0.94743887,0.93593507,0.93314852,0.91278636,0.90791679,0.91228347,0.914478,0.94743266,0.93593507,0.93314852,0.91278167,0.90791942,0.91228019,0.91447849,0.95370105,0.94056836,0.93854406,0.92609037,0.91529382,0.91946233,0.91680569,0.95370105
0.6630252,0.93988865,0.93014631,0.92208849,0.89517059,0.8992869,0.89808658,0.89509921,0.93988865,0.93014745,0.92208874,0.89516879,0.8992869,0.89808992,0.89510366,0.939889,0.93014425,0.92208874,0.89516879,0.89927984,0.89808769,0.89509921,0.94406816,0.93343567,0.92794088,0.90517804,0.90239944,0.90703193,0.90798508,0.94406816,0.93343567,0.92794094,0.90518279,0.90240414,0.90703427,0.90798508,0.94406222,0.93343567,0.92794088,0.90517786,0.90240682,0.90703119,0.90798452,0.9529323,0.93848252,0.93631241,0.92038231,0.90844576,0.91365409,0.91271193,0.95293278
0.66806722,0.93698746,0.92667079,0.91534782,0.88455935,0.88923345,0.89064943,0.88704067,0.93698746,0.92667193,0.91534785,0.88455788,0.88923345,0.89065242,0.88704473,0.93698775,0.92666811,0.91534761,0.88455788,0.88922667,0.89065041,0.88704067,0.9409554,0.92906854,0.92260815,0.89629141,0.89444642,0.89991778,0.90219433,0.9409554,0.92906854,0.92260815,0.89629616,0.89445035,0.89991949,0.90219433,0.9409493,0.92906854,0.92260815,0.89629117,0.89445357,0.89991722,0.90219423,0.95155318,0.93618681,0.93355659,0.91358426,0.90162058,0.90803598,0.90787707,0.95155383
0.67310923,0.93218821,0.92283009,0.90803828,0.87275974,0.87871114,0.88188013,0.87939864,0.93218821,0.92283134,0.90803802,0.87275845,0.87871114,0.88188261,0.87940241,0.93218857,0.92282699,0.90803784,0.87275845,0.87870475,0.88188102,0.87939864,0.93917853,0.92433666,0.91853698,0.88804825,0.88454688,0.89408994,0.89679202,0.93917853,0.92433666,0.91853698,0.88805252,0.88455042,0.89409183,0.89679202,0.93917214,0.92433666,0.91853698,0.88804801,0.88455389,0.89408944,0.89679259,0.9481308,0.93210413,0.92839235,0.90801718,0.89564416,0.90345403,0.90123724,0.94813122
0.67815125,0.92761466,0.91704575,0.90146783,0.86125186,0.86905239,0.87423699,0.8716517,0.92761466,0.917047,0.90146747,0.8612504,0.86905239,0.87423978,0.8716556,0.92761496,0.91704276,0.90146765,0.8612504,0.86904601,0.87423784,0.8716517,0.93677959,0.9207631,0.91390009,0.87931238,0.8753014,0.88741616,0.88874562,0.93677959,0.9207631,0.91390009,0.87931646,0.8753051,0.88741845,0.88874562,0.9367728,0.9207631,0.91390009,0.87931213,0.87530834,0.88741637,0.88874527,0.94528792,0.92788981,0.9231081,0.90232389,0.8880907,0.89642058,0.89626447,0.9452881
0.68319327,0.92438537,0.91018196,0.8943812,0.84845701,0.8576011,0.86519926,0.86156728,0.92438537,0.91018327,0.89438107,0.84845551,0.8576011,0.86520224,0.86157133,0.92438561,0.91017902,0.89438132,0.84845551,0.85759448,0.8652005,0.86156728,0.93254191,0.91691868,0.90692159,0.86776833,0.86580961,0.87848722,0.8813087,0.93254191,0.91691868,0.90692159,0.86777275,0.86581361,0.87848973,0.8813087,0.93253501,0.91691868,0.90692159,0.86776819,0.86581664,0.87848789,0.88130862,0.94408325,0.92480173,0.91944095,0.89401326,0.87813123,0.88910611,0.88953303,0.94408334
0.68823528,0.92059361,0.9039304,0.8848728,0.83201545,0.84247399,0.8536732,0.85079026,0.92059361,0.90393178,0.88487295,0.83201397,0.84247399,0.853676,0.85079423,0.92059385,0.90392709,0.88487289,0.83201397,0.84246751,0.85367469,0.85079026,0.92830337,0.9110969,0.89897647,0.85386479,0.85327454,0.87049121,0.87403709,0.92830337,0.9110969,0.89897654,0.85386945,0.85327838,0.87049371,0.87403709,0.92829668,0.9110969,0.89897647,0.85386458,0.85328132,0.87049122,0.87403737,0.94172527,0.92097992,0.91498148,0.88413251,0.86795989,0.88288111,0.88174201,0.94172499
0.6932773,0.9145535,0.89778659,0.87329219,0.81222781,0.82575444,0.84262746,0.84033648,0.9145535,0.8977881,0.8732922,0.81222646,0.82575444,0.8426303,0.84034012,0.91455374,0.89778343,0.87329219,0.81222646,0.82574823,0.84262866,0.84033648,0.92534671,0.90446826,0.8919184,0.83959149,0.83839867,0.86185474,0.86393726,0.92534671,0.90446826,0.8919184,0.83959596,0.83840242,0.86185688,0.86393726,0.92534043,0.90446826,0.8919184,0.83959135,0.83840525,0.86185461,0.86393657,0.93749172,0.91538978,0.90794523,0.87497253,0.85799271,0.87418785,0.87530477,0.93749122
0.69831932,0.90764008,0.88976879,0.8613973,0.79105206,0.80918802,0.83109418,0.82772479,0.90764008,0.88977027,0.86139705,0.79105058,0.80918802,0.83109712,0.82772854,0.9076405,0.88976604,0.86139762,0.79105058,0.80918183,0.83109522,0.82772479,0.92186951,0.89873219,0.88453286,0.82443804,0.82356959,0.85054818,0.85430313,0.92186951,0.89873219,0.8845328,0.82444222,0.82357355,0.8505501,0.85430313,0.92186363,0.89873219,0.88453286,0.8244379,0.8235762,0.85054855,0.85430328,0.93425467,0.90997295,0.90065265,0.86534605,0.84575378,0.86466506,0.86632235,0.93425438
0.70336133,0.90181281,0.87960983,0.84918955,0.76843004,0.79053437,0.81641902,0.81314285,0.90181281,0.87961107,0.84918929,0.76842844,0.79053437,0.81642135,0.81314674,0.90181311,0.87960716,0.84919037,0.76842844,0.79052821,0.81642024,0.81314285,0.91644266,0.89275547,0.87455844,0.80591442,0.80762151,0.83969561,0.84460823,0.91644266,0.89275547,0.87455844,0.80591869,0.80762555,0.83969772,0.84460823,0.9164371,0.89275547,0.87455844,0.80591421,0.8076283,0.83969567,0.84460942,0.93233714,0.90544744,0.89473383,0.85262215,0.83062177,0.85622533,0.85708156,0.93233732
0.70840335,0.8960878,0.86900499,0.83459839,0.74196016,0.76737615,0.80091359,0.79871885,0.8960878,0.86900616,0.83459843,0.74195852,0.76737619,0.80091574,0.79872267,0.89608798,0.869002,0.83459933,0.74195852,0.76737025,0.80091475,0.79871885,0.91073818,0.88458741,0.86256102,0.78358,0.78779783,0.82839493,0.83181519,0.91073818,0.88458741,0.86256102,0.78358442,0.78780135,0.82839704,0.83181519,0.91073259,0.88458741,0.86256102,0.78357978,0.78780442,0.8283945,0.83181502,0.92874747,0.89968907,0.88767971,0.8374895,0.81468823,0.84529957,0.84847631,0.92874756
0.71344537,0.88808747,0.85851957,0.81647581,0.71036746,0.74122586,0.78563493,0.78279782,0.88808747,0.85852067,0.81647617,0.7103661,0.7412258,0.78563743,0.78280148,0.88808773,0.85851622,0.81647629,0.7103661,0.74122022,0.78563591,0.78279782,0.90623336,0.87500444,0.85066519,0.75930284,0.76486416,0.8140072,0.81928104,0.90623336,0.87500444,0.85066519,0.75930714,0.76486733,0.81400918,0.81928104,0.90622742,0.87500444,0.85066519,0.75930268,0.76487041,0.81400724,0.81928087,0.92349695,0.89212245,0.87769573,0.82224775,0.79807732,0.83289877,0.83686016,0.92349683
0.71848738,0.87799938,0.84637177,0.79603498,0.67525875,0.71449761,0.76738163,0.76393507,0.87799938,0.84637297,0.79603526,0.67525762,0.71449761,0.767384,0.76393866,0.87799983,0.84636887,0.79603496,0.67525762,0.71449213,0.76738269,0.76393507,0.90122892,0.86587748,0.83843982,0.7334342,0.74116197,0.79945219,0.80648572,0.90122892,0.86587748,0.83843982,0.73343806,0.74116529,0.79945446,0.80648572,0.90122292,0.86587748,0.83843982,0.73343404,0.7411678,0.79945252,0.80648638,0.91958986,0.88479321,0.86712825,0.8059524,0.77826009,0.82149558,0.82567793,0.91959022
0.7235294,0.86812291,0.83113103,0.77449331,0.63872369,0.68605165,0.74672619,0.74440413,0.86812291,0.83113221,0.77449322,0.63872251,0.68605165,0.7467285,0.74440769,0.86812323,0.83112886,0.77449317,0.63872251,0.68604626,0.74672746,0.74440413,0.89398932,0.85642908,0.82334138,0.70380331,0.71561162,0.78466347,0.79026324,0.89398932,0.85642908,0.82334138,0.70380697,0.71561507,0.78466566,0.79026324,0.89398334,0.85642908,0.82334138,0.70380317,0.71561735,0.78466347,0.79026313,0.91658842,0.87784871,0.85758263,0.78575218,0.75467469,0.80760996,0.81411296,0.9165892
0.72857141,0.85873283,0.81379056,0.75073486,0.60084673,0.65345653,0.72646226,0.72429067,0.85873283,0.81379178,0.75073453,0.60084541,0.65345653,0.72646469,0.72429405,0.85873307,0.81378858,0.7507347,0.60084541,0.65345168,0.72646322,0.72429067,0.88598165,0.84445185,0.80490751,0.66928233,0.68562614,0.76645792,0.77404905,0.88598165,0.84445185,0.80490751,0.66928598,0.68562913,0.76645962,0.77404905,0.8859757,0.84445185,0.80490751,0.66928215,0.68563154,0.76645792,0.77404901,0.9114101,0.86900719,0.8464231,0.76181787,0.72934992,0.79149529,0.79940461,0.91141029
0.73361343,0.84734588,0.79578685,0.72271156,0.56108412,0.61785336,0.70441056,0.70120737,0.84734588,0.79578802,0.72271149,0.56108293,0.61785336,0.704413,0.70121064,0.8473462,0.79578426,0.72271149,0.56108293,0.61784892,0.70441152,0.70120737,0.87895127,0.83020764,0.78522017,0.63172152,0.65213192,0.74733853,0.75746435,0.87895127,0.83020764,0.78522017,0.63172499,0.65213447,0.74734034,0.75746435,0.87894523,0.83020764,0.78522017,0.6317214,0.65213683,0.7473384,0.75746476,0.90481871,0.85819221,0.83170294,0.73651112,0.70241518,0.77620066,0.78559378,0.90481811
0.73865545,0.83270576,0.77625637,0.69035188,0.52139345,0.58304095,0.67901315,0.67641786,0.83270576,0.77625747,0.69035201,0.52139233,0.58304095,0.67901507,0.67642121,0.83270611,0.77625362,0.69035173,0.52139233,0.58303677,0.67901402,0.67641786,0.87139297,0.81569614,0.76483638,0.59326011,0.61808618,0.72829022,0.73713766,0.87139297,0.81569614,0.76483638,0.59326304,0.61808889,0.72829223,0.73713766,0.87138701,0.81569614,0.76483638,0.59325999,0.61809077,0.72828983,0.73713713,0.89984006,0.84755492,0.81576346,0.70943533,0.67150431,0.75853091,0.77025291,0.89983968
0.74369746,0.8167079,0.75307895,0.65556853,0.48668488,0.55077877,0.65362611,0.6520057,0.8167079,0.75307992,0.65556866,0.48668391,0.55077883,0.65362781,0.65200878,0.81670826,0.75307669,0.65556841,0.48668391,0.55077441,0.65362678,0.6520057,0.86126616,0.8006199,0.74138806,0.55396558,0.5836641,0.70580049,0.7166049,0.86126616,0.8006199,0.74138806,0.5539681,0.58366714,0.70580235,0.7166049,0.86126053,0.8006199,0.74138806,0.55396541,0.58366857,0.70580049,0.71660489,0.89524796,0.83676891,0.80031596,0.67772998,0.63621253,0.73783156,0.75196417,0.89524835
0.74873948,0.80096156,0.72599101,0.61959767,0.46217612,0.5204665,0.62868714,0.62621025,0.80096156,0.72599197,0.6195976,0.46217511,0.5204665,0.62868934,0.62621311,0.80096179,0.72598941,0.6195977,0.46217511,0.52046217,0.6286878,0.62621025,0.84981541,0.78257294,0.71333711,0.5139054,0.54745001,0.68169025,0.69586548,0.84981541,0.78257294,0.71333711,0.51390813,0.54745268,0.68169211,0.69586548,0.84980985,0.78257294,0.71333711,0.51390522,0.54745451,0.68169032,0.69586642,0.88796507,0.82347822,0.78262791,0.64106831,0.59897925,0.71770531,0.73477542,0.88796537
0.7537815,0.78373488,0.69675511,0.58190796,0.45075895,0.49336612,0.60144374,0.59862528,0.78373488,0.69675608,0.58190796,0.45075781,0.49336612,0.60144584,0.59862821,0.78373497,0.69675325,0.58190808,0.45075781,0.49336224,0.60144463,0.59862528,0.83912528,0.76114881,0.68235593,0.47618662,0.51132865,0.65824762,0.67129682,0.83912528,0.76114881,0.682356,0.47618952,0.51133057,0.6582495,0.67129682,0.8391197,0.76114881,0.68235593,0.47618651,0.51133269,0.65824732,0.67129657,0.87952645,0.80801618,0.76042934,0.60223702,0.56102349,0.69557676,0.71497236,0.87952587
0.75882351,0.76250597,0.66621573,0.54238519,0.45249594,0.47403476,0.57405464,0.57249473,0.76250597,0.66621672,0.54238537,0.45249468,0.47403476,0.57405631,0.5724975,0.76250623,0.66621333,0.54238519,0.45249468,0.4740312,0.57405501,0.57249473,0.8279363,0.73840034,0.65033911,0.4462436,0.48020268,0.63210867,0.64655091,0.8279363,0.73840034,0.65033914,0.44624634,0.48020444,0.63211016,0.64655091,0.82793077,0.73840034,0.65033911,0.44624347,0.48020627,0.63210873,0.64655086,0.87287949,0.79248916,0.73599133,0.56255768,0.52139092,0.6697647,0.6927373,0.87287895
0.76386553,0.73789855,0.63304389,0.50361246,0.46580281,0.46652861,0.55009535,0.5485177,0.73789855,0.63304488,0.50361287,0.4658014,0.46652861,0.55009711,0.54852024,0.73789891,0.63304158,0.50361246,0.4658014,0.46652491,0.55009528,0.5485177,0.81375662,0.71478844,0.61628181,0.42846335,0.45731149,0.60411504,0.62241526,0.81375662,0.71478844,0.61628175,0.42846567,0.45731352,0.60411629,0.62241526,0.81375132,0.71478844,0.61628181,0.42846325,0.45731472,0.60411534,0.62241599,0.86598074,0.77602887,0.71139395,0.52070031,0.48097597,0.64434968,0.67166669,0.86598087
0.76890755,0.71248095,0.59622484,0.47021824,0.48894292,0.47060826,0.52797019,0.52521164,0.71248095,0.59622562,0.47021863,0.48894136,0.47060826,0.52797198,0.52521392,0.71248128,0.59622336,0.47021852,0.48894136,0.47060411,0.52797073,0.52521164,0.79737478,0.6880362,0.57843246,0.42421449,0.44296677,0.57805941,0.59506101,0.79737478,0.6880362,0.57843246,0.4242166,0.44296881,0.57806129,0.59506101,0.79736956,0.6880362,0.57843246,0.42421437,0.44297006,0.57805929,0.59506037,0.8558419,0.75613441,0.68407829,0.47711034,0.44418433,0.61795094,0.64723883,0.85584225
0.77394956,0.68637418,0.55747026,0.44632012,0.52021076,0.48288585,0.50718241,0.50490164,0.68637418,0.55747092,0.44632027,0.52020902,0.48288585,0.50718388,0.50490396,0.68637439,0.55746931,0.44632082,0.52020902,0.48288136,0.50718326,0.50490164,0.78119299,0.65705309,0.53815618,0.43255505,0.43769194,0.55161178,0.56820257,0.78119299,0.65705309,0.53815618,0.43255733,0.4376935,0.55161355,0.56820257,0.78118786,0.65705309,0.53815618,0.43255487,0.43769544,0.55161172,0.56820217,0.84479347,0.73345634,0.65140696,0.4364541,0.41563629,0.58788441,0.621312,0.84479331
0.77899158,0.65692654,0.52011496,0.43395409,0.55647265,0.5011217,0.49226971,0.49092617,0.65692654,0.52011563,0.43395422,0.55647095,0.5011217,0.49227115,0.49092845,0.65692654,0.52011365,0.43395486,0.55647095,0.50111734,0.49226974,0.49092617,0.76437434,0.62392555,0.49940109,0.45196379,0.44362581,0.524339,0.54401233,0.76437434,0.62392555,0.49940115,0.45196631,0.44362717,0.52434029,0.54401233,0.76436932,0.62392555,0.49940109,0.45196354,0.44362959,0.52433969,0.54401325,0.83562678,0.71016119,0.61560964,0.4044529,0.39758337,0.55848833,0.59683233,0.83562641
0.7840336,0.62308838,0.48643937,0.43336562,0.59290808,0.52576321,0.48471698,0.48231124,0.62308838,0.48644012,0.43336588,0.5929064,0.52576321,0.48471863,0.48231321,0.62308863,0.48643746,0.43336603,0.5929064,0.5257589,0.4847165,0.48231124,0.7440174,0.59053033,0.4650156,0.48097243,0.46157795,0.50128074,0.51862712,0.7440174,0.59053033,0.4650156,0.4809752,0.46157982,0.5012821,0.51862712,0.74401284,0.59053033,0.4650156,0.48097223,0.461582,0.50128109,0.51862697,0.82544848,0.68516291,0.57984268,0.3843782,0.39113323,0.53045766,0.56900882,0.82544795
0.78907561,0.58752101,0.45738178,0.44397892,0.62596129,0.55629979,0.48139063,0.47799764,0.58752101,0.45738251,0.44397941,0.62595986,0.55629979,0.48139197,0.47799944,0.58752132,0.45737998,0.4439787,0.62595986,0.55629513,0.48139093,0.47799764,0.72035454,0.55585804,0.43583162,0.51677573,0.4879762,0.4822454,0.49544074,0.72035454,0.55585804,0.43583158,0.51677905,0.48797868,0.48224712,0.49544074,0.72035012,0.55585804,0.43583162,0.51677553,0.48798063,0.48224509,0.49544037,0.81141569,0.65606924,0.54284049,0.37741473,0.39767052,0.50049609,0.54133787,0.81141472
0.79411763,0.55325125,0.43461467,0.46495151,0.6561033,0.58823792,0.48303038,0.48063046,0.55325125,0.4346153,0.46495203,0.65610161,0.588238,0.48303134,0.48063257,0.55325149,0.43461349,0.4649509,0.65610161,0.58823295,0.48303134,0.48063046,0.69629638,0.51884974,0.41340072,0.55445817,0.51723932,0.46513739,0.47848718,0.69629638,0.51884974,0.41340072,0.55446268,0.51724156,0.46513875,0.47848718,0.69629163,0.51884974,0.41340072,0.55445797,0.51724415,0.46513735,0.47848828,0.79668488,0.62402342,0.50231304,0.3842933,0.41764843,0.47259288,0.51626391,0.79668386
0.79915965,0.52022104,0.42146982,0.49461549,0.68579105,0.61703318,0.49297913,0.49080685,0.52022104,0.42147043,0.49461586,0.68578868,0.61703318,0.49298061,0.49080917,0.5202211,0.42146898,0.49461516,0.68578868,0.61702809,0.49297987,0.49080685,0.67198351,0.48190671,0.40145474,0.58985245,0.54733405,0.45449341,0.46392915,0.67198351,0.48190671,0.40145477,0.58985794,0.54733528,0.45449492,0.46392915,0.67197856,0.48190671,0.40145474,0.58985219,0.54733903,0.45449385,0.46392863,0.78385486,0.59166563,0.46093831,0.40526188,0.44823212,0.45037412,0.48916815,0.78385463
0.80420166,0.48715302,0.42108207,0.52936191,0.71465141,0.64358918,0.5084203,0.50463242,0.48715302,0.42108282,0.52936207,0.71464877,0.64358918,0.5084225,0.50463475,0.48715311,0.42108079,0.52936225,0.71464877,0.64358429,0.50842153,0.50463242,0.64440687,0.44935079,0.40353323,0.62285499,0.57984575,0.45240109,0.45342956,0.64440687,0.44935079,0.40353323,0.62285978,0.57984696,0.45240295,0.45342956,0.64440228,0.44935079,0.40353323,0.62285486,0.57985037,0.45240109,0.4534274,0.76915183,0.55824479,0.42448836,0.43833721,0.48365892,0.43074746,0.46504222,0.76915216
0.80924368,0.45574454,0.43364705,0.56438997,0.73925433,0.67148966,0.52479595,0.52091234,0.45574454,0.43364786,0.56439022,0.73925233,0.67148966,0.52479816,0.52091503,0.4557448,0.43364497,0.56439086,0.73925233,0.67148472,0.52479803,0.52091234,0.61300133,0.42355863,0.41944513,0.65552582,0.61378111,0.45456026,0.45226155,0.61300133,0.42355863,0.41944513,0.65552826,0.61378378,0.45456096,0.45226155,0.61299726,0.42355863,0.41944513,0.65552594,0.61378538,0.45455929,0.45226156,0.74989702,0.52173807,0.39578877,0.47788952,0.51963193,0.41563176,0.44625028,0.74989714
0.8142857,0.43094055,0.45571115,0.59683534,0.75842944,0.69940029,0.54442805,0.54195364,0.43094055,0.45571203,0.59683586,0.75842861,0.69940035,0.54442954,0.54195655,0.43094095,0.45570896,0.59683663,0.75842861,0.69939508,0.544429,0.54195364,0.58109221,0.40477582,0.44468495,0.68703148,0.64437891,0.46180954,0.45623187,0.58109221,0.40477582,0.44468494,0.68703246,0.64438285,0.46180871,0.45623187,0.58108816,0.40477582,0.44468495,0.68703154,0.64438301,0.46180802,0.45623184,0.73013748,0.48395702,0.37470372,0.51744783,0.55612932,0.41066516,0.42823811,0.73013741
0.81932771,0.41689826,0.48260838,0.62755874,0.77573656,0.72226216,0.56880703,0.56558311,0.41689826,0.48260927,0.62755908,0.77573582,0.72226216,0.5688084,0.56558556,0.41689856,0.482607,0.62756023,0.77573582,0.72225626,0.56880613,0.56558311,0.5505009,0.39407551,0.47404427,0.71390513,0.67027362,0.4775912,0.46319662,0.5505009,0.39407551,0.47404427,0.71390775,0.67027795,0.47759138,0.46319662,0.55049679,0.39407551,0.47404427,0.713905,0.67027832,0.47759063,0.46319407,0.71235474,0.44889989,0.3628955,0.55503708,0.59365691,0.41324446,0.4167465,0.71235519
0.82436973,0.41376179,0.51188611,0.65841823,0.79430568,0.74021409,0.59209679,0.58752797,0.41376179,0.51188721,0.65841779,0.79430399,0.74021409,0.59209836,0.58752943,0.41376191,0.51188523,0.65841967,0.79430399,0.74020721,0.59209643,0.58752797,0.51895713,0.39423727,0.50574584,0.73578812,0.69563702,0.49695968,0.4785262,0.51895713,0.39423727,0.50574584,0.73579405,0.69564101,0.49696202,0.4785262,0.51895354,0.39423727,0.50574584,0.73578781,0.69564269,0.49696089,0.47852499,0.69189072,0.41773329,0.36460443,0.59295191,0.62909742,0.42014283,0.41394251,0.69189143
0.82941175,0.41888465,0.54382007,0.68819606,0.8117403,0.75897682,0.61296625,0.60976547,0.41888465,0.54382151,0.68819505,0.81173769,0.75897682,0.61296836,0.60976702,0.41888477,0.54381806,0.68819702,0.81173769,0.75896901,0.61296729,0.60976547,0.48513198,0.40694528,0.54073364,0.75656592,0.72180961,0.51645351,0.49847637,0.48513198,0.40694528,0.54073364,0.75657305,0.72181299,0.51645571,0.49847637,0.48512927,0.40694528,0.54073364,0.75656579,0.72181565,0.51645456,0.49847631,0.66617637,0.38993891,0.3819379,0.63096961,0.65939284,0.43567318,0.41384177,0.66617648
0.83445376,0.43053991,0.57805742,0.71348311,0.82404108,0.77951984,0.6367504,0.63434888,0.43053991,0.57805894,0.71348253,0.82403845,0.77951984,0.63675337,0.63435167,0.43054025,0.57805381,0.71348327,0.82403845,0.77951239,0.63675151,0.63434888,0.45257982,0.4297379,0.57765969,0.77788282,0.74398817,0.54076976,0.51732926,0.45257982,0.4297379,0.57765969,0.7778879,0.74399095,0.54077101,0.51732926,0.45257754,0.4297379,0.57765969,0.77788287,0.74399362,0.54076926,0.51732689,0.64026515,0.36812705,0.41069233,0.66437865,0.68661193,0.45884724,0.42133227,0.64026479
0.83949578,0.44965102,0.61121844,0.7337479,0.83277776,0.79578904,0.66087257,0.65666937,0.44965102,0.61121975,0.73374867,0.83277583,0.79578904,0.66087571,0.65667317,0.44965153,0.61121499,0.7337479,0.83277583,0.79578388,0.66087385,0.65666937,0.42594989,0.4572078,0.61170393,0.79612517,0.76058902,0.56755409,0.54092376,0.42594989,0.4572078,0.61170393,0.79612826,0.76059129,0.56755582,0.54092376,0.42594732,0.4572078,0.61170393,0.79612503,0.76059372,0.5675539,0.54092216,0.61683174,0.3574426,0.44325908,0.69135082,0.71390653,0.48217483,0.437723,0.61683176
0.84453779,0.47701509,0.63986924,0.75268824,0.84336868,0.80612687,0.67965095,0.67567852,0.47701509,0.63986999,0.75268988,0.84336707,0.80612687,0.67965386,0.67568235,0.47701543,0.63986782,0.75268928,0.84336707,0.80612328,0.679653,0.67567852,0.40576202,0.48602352,0.64033447,0.80910977,0.77721249,0.5904719,0.56780062,0.40576202,0.48602352,0.64033447,0.80911345,0.77721515,0.59047406,0.56780062,0.40575934,0.48602352,0.64033447,0.80910936,0.77721676,0.59047301,0.56779999,0.59044457,0.36005441,0.47646008,0.71655013,0.73904979,0.50775683,0.45447739,0.59044501
0.84957981,0.50916255,0.66490643,0.77284558,0.8562554,0.81742141,0.69833707,0.69638207,0.50916255,0.66490697,0.77284645,0.85625387,0.81742135,0.69834122,0.69638548,0.50916255,0.66490658,0.77284734,0.85625387,0.81741597,0.69833763,0.69638207,0.3901687,0.51722016,0.66690772,0.82085759,0.79598625,0.61456925,0.58997662,0.3901687,0.51722016,0.66690778,0.82086249,0.79598968,0.61457106,0.58997662,0.39016634,0.51722016,0.66690772,0.82085709,0.79599062,0.61456928,0.58997213,0.55847452,0.37299198,0.5131483,0.74295332,0.75863413,0.53886786,0.47617807,0.55847484
0.85462183,0.53983629,0.69006722,0.79142533,0.86579226,0.83268976,0.72001223,0.71687247,0.53983629,0.69006788,0.79142388,0.86579117,0.83268976,0.72001804,0.71687517,0.53983622,0.69006639,0.79142594,0.86579117,0.83268092,0.72001199,0.71687247,0.38028714,0.55166965,0.69491138,0.83501009,0.81093122,0.64143883,0.61395892,0.38028714,0.55166965,0.69491138,0.83501414,0.81093436,0.64144171,0.61395892,0.38028477,0.55166965,0.69491138,0.83500966,0.81093576,0.64143769,0.6139554,0.52715771,0.39253489,0.55350508,0.76598215,0.77543151,0.56740856,0.50408516,0.52715827
0.85966384,0.56671591,0.71569519,0.80469941,0.86984963,0.84476223,0.73677326,0.73233721,0.56671591,0.71569604,0.80469589,0.86984922,0.8447623,0.73677939,0.73234,0.56671613,0.71569244,0.80469739,0.86984922,0.84475266,0.73677634,0.73233721,0.38044074,0.58552938,0.72133301,0.8480688,0.820146,0.66285645,0.6410743,0.38044074,0.58552938,0.72133294,0.84807163,0.82014817,0.66286059,0.6410743,0.38043722,0.58552938,0.72133301,0.84806849,0.82015121,0.66285621,0.6410742,0.50015915,0.418609,0.59062843,0.78207755,0.79371812,0.5928517,0.52811671,0.50016062
0.86470586,0.59381832,0.73758716,0.81458421,0.87427386,0.84978794,0.74965822,0.74751071,0.59381832,0.73758781,0.81458099,0.87427339,0.84978794,0.74966446,0.7475149,0.59381887,0.73758434,0.81458167,0.87427339,0.84978057,0.74966262,0.74751071,0.39248626,0.61436196,0.74128994,0.85570734,0.83075454,0.68264925,0.66139536,0.39248626,0.61436196,0.74128994,0.85571092,0.83075733,0.68265166,0.66139536,0.39248088,0.61436196,0.74128994,0.85570724,0.83076157,0.68264813,0.66139129,0.47172545,0.45193686,0.62039648,0.79645146,0.81078645,0.62266443,0.5548108,0.47172708
0.86505669,0.60910381,0.74566019,0.82051142,0.8789315,0.85274576,0.75834096,0.75633093,0.60910381,0.74566071,0.82050933,0.87893072,0.85274574,0.75834715,0.75633571,0.60910428,0.74565794,0.8205103,0.87893072,0.85273881,0.75834328,0.75633093,0.40228983,0.62711785,0.74913344,0.85856449,0.83785577,0.68410801,0.67162667,0.40228983,0.62711785,0.74913344,0.85856892,0.8378595,0.68410801,0.67162667,0.40228414,0.62711785,0.74913344,0.85856444,0.83786388,0.68410801,0.66166775,0.455225,0.47013247,0.63452158,0.80534542,0.81656932,0.63634394,0.55692602,0.45522586
0.86974788,0.62438929,0.75373321,0.82643863,0.88358913,0.85570358,0.7670237,0.76515116,0.62438929,0.75373361,0.82643768,0.88358804,0.85570354,0.76702985,0.76515651,0.62438969,0.75373153,0.82643894,0.88358804,0.85569706,0.76702393,0.76515116,0.4120934,0.63987374,0.75697695,0.86142164,0.84495699,0.70643144,0.68185798,0.4120934,0.63987374,0.75697695,0.86142691,0.84496167,0.70643115,0.68185798,0.4120874,0.63987374,0.75697695,0.86142164,0.8449662,0.70642801,0.68185382,0.43872454,0.48832809,0.64864668,0.81423938,0.82235219,0.65002344,0.58531979,0.43872464
0.87478989,0.65409099,0.7683548,0.84050895,0.89275816,0.86785395,0.78274802,0.77841304,0.65409099,0.76835562,0.84051024,0.89275697,0.86785395,0.78275151,0.7784182,0.6540908,0.76835209,0.84051246,0.89275697,0.86784566,0.78274698,0.77841304,0.43340923,0.66691171,0.77491448,0.87093662,0.85488857,0.72489513,0.70641586,0.43340923,0.66691171,0.77491455,0.87094101,0.85489394,0.7248943,0.70641586,0.4334044,0.66691171,0.77491448,0.87093662,0.85489824,0.72489371,0.70641718,0.40851838,0.52187012,0.68042884,0.8304543,0.83197544,0.67086946,0.60859384,0.40851708
0.87983191,0.6765961,0.78569801,0.8510819,0.89527297,0.87783245,0.79125938,0.78834042,0.6765961,0.78569983,0.8510832,0.89527295,0.87783253,0.79125865,0.78834372,0.67659581,0.7856922,0.85108486,0.89527295,0.87782308,0.79126129,0.78834042,0.45630466,0.69427707,0.79459958,0.88138486,0.85876466,0.73932536,0.72294261,0.45630466,0.69427707,0.79459958,0.88138634,0.8587693,0.73932598,0.72294261,0.45630099,0.69427707,0.79459958,0.88138469,0.85877238,0.7393275,0.72294088,0.3872944,0.55311008,0.7092669,0.83928525,0.84473522,0.69561074,0.63454281,0.38729353
0.88487393,0.69390095,0.80277215,0.85593471,0.89487483,0.87913182,0.80312126,0.80221625,0.69390095,0.80277462,0.85593343,0.89487521,0.87913186,0.80311842,0.80221747,0.69390139,0.80276542,0.85593421,0.89487521,0.87912326,0.80312199,0.80221625,0.48490961,0.71596402,0.80880329,0.8861058,0.86584013,0.75918512,0.73867836,0.48490961,0.71596402,0.80880329,0.8861064,0.86584497,0.75918677,0.73867836,0.48490518,0.71596402,0.80880329,0.88610542,0.86584541,0.75918682,0.73867725,0.37015651,0.58645671,0.72862093,0.84627941,0.85671621,0.71977509,0.66257193,0.37015686
0.88991594,0.71418942,0.81395274,0.86092514,0.90029269,0.88090818,0.81822691,0.81462034,0.71418942,0.81395499,0.86092106,0.90029159,0.88090818,0.81822431,0.81462188,0.71419065,0.81394949,0.86092317,0.90029159,0.88089943,0.81822477,0.81462034,0.51802498,0.73210355,0.81669611,0.88753981,0.87776421,0.774941,0.76012661,0.51802498,0.73210355,0.81669611,0.88754263,0.87777053,0.77494165,0.76012661,0.51801837,0.73210355,0.81669611,0.88753957,0.87776998,0.77494031,0.7601333,0.35198848,0.61972172,0.74546954,0.85887847,0.86273506,0.73515322,0.68115011,0.351989
0.89495796,0.73834367,0.82090473,0.87101498,0.90997918,0.89146374,0.82477689,0.82077084,0.73834367,0.82090679,0.87101085,0.90997639,0.89146374,0.82477815,0.82077503,0.73834498,0.82090573,0.87101576,0.90997639,0.89145286,0.82477834,0.82077084,0.54775589,0.74984473,0.82668794,0.89378679,0.88406544,0.78421656,0.77247839,0.54775589,0.74984473,0.82668794,0.89379139,0.88407178,0.7842157,0.77247839,0.54774812,0.74984473,0.82668794,0.89378686,0.88407344,0.7842133,0.77247882,0.33896662,0.64653604,0.76837232,0.87151267,0.86777058,0.7539143,0.70436662,0.33896607
0.89999998,0.75730452,0.83095519,0.88144879,0.91362238,0.90090535,0.83059721,0.82994677,0.75730452,0.83095766,0.88144742,0.91361966,0.90090535,0.83060575,0.82995116,0.75730496,0.83095716,0.88145181,0.91361966,0.9008949,0.83060062,0.82994677,0.57112985,0.77061632,0.8419192,0.90328068,0.88380299,0.80013968,0.78339576,0.57112985,0.77061632,0.8419192,0.90328446,0.88380754,0.80013988,0.78339576,0.57112318,0.77061632,0.8419192,0.90328033,0.88381118,0.80013693,0.78338895,0.3401993,0.6687539,0.79012312,0.87567158,0.87764723,0.774924,0.72761024,0.34019758
v1,3,3,3,3,3,3,3,3,3,3,3,3,3,3,3,3,3,3,3,3,3,3,3,3,3,3,3,3,3,3,3,3,3,3,3,3,3,3,3,3,3,3,3,3,3,3,3,3,3,3
v2,-2,2,6,10,14,18,20,-2,2,6,10,14,18,20,-2,2,6,10,14,18,20,-2,2,6,10,14,18,20,-2,2,6,10,14,18,20,-2,2,6,10,14,18,20,-2,2,6,10,14,18,20,-2
v3,60,60,60,60,60,60,60,62,62,62,62,62,62,62,63,63,63,63,63,63,63,60,60,60,60,60,60,60,62,62,62,62,62,62,62,63,63,63,63,63,63,63,60,60,60,60,60,60,60,62
v4,7,7,7,7,7,7,7,7,7,7,7,7,7,7,7,7,7,7,7,7,7,7,7,7,7,7,7,7,7,7,7,7,7,7,7,7,7,7,7,7,7,7,7,7,7,7,7,7,7,7
v5,4,4,4,4,4,4,4,4,4,4,4,4,4,4,4,4,4,4,4,4,4,4,4,4,4,4,4,4,4,4,4,4,4,4,4,4,4,4,4,4,4,4,4,4,4,4,4,4,4,4
v6,2,2,2,2,2,2,2,2,2,2,2,2,2,2,2,2,2,2,2,2,2,2.8,2.8,2.8,2.8,2.8,2.8,2.8,2.8,2.8,2.8,2.8,2.8,2.8,2.8,2.8,2.8,2.8,2.8,2.8,2.8,2.8,3.6,3.6,3.6,3.6,3.6,3.6,3.6,3.6
